segmento,ordenes_act,ordenes_ref,afv_act,afv_ref,delta_afv,share_act,share_ref,dif_share_en_pp
HIGH,268884,257404,947.1788970708551,979.8904068584791,-32.71,23.55,22.97,0.58
LOW,1268,1225,578.3124605678235,618.0594530612244,-39.75,0.11,0.11,0.0
MID-LOW,8844,9006,636.4839603120761,626.0439906728847,10.44,0.77,0.8,-0.03
MID-HIGH,663245,652433,740.001556415803,743.4408412775284,-3.44,58.1,58.22,-0.12
MID,195337,197280,720.0568494089699,716.0268323110976,4.03,17.11,17.61,-0.5
